code,symbol
[em]e100[/em],[/微笑]
[em]e101[/em],[/撇嘴]
[em]e102[/em],[/色]
[em]e103[/em],[/发呆]
[em]e104[/em],[/得意]
[em]e105[/em],[/流泪]
[em]e106[/em],[/害羞]
[em]e107[/em],[/闭嘴]
[em]e108[/em],[/睡]
[em]e109[/em],[/大哭]
[em]e110[/em],[/尴尬]
[em]e111[/em],[/发怒]
[em]e112[/em],[/眨眼睛]
[em]e113[/em],[/呲牙]
[em]e114[/em],[/惊讶]
[em]e115[/em],[/难过]
[em]e116[/em],[/酷]
[em]e117[/em],[/冷汗]
[em]e118[/em],[/抓狂]
[em]e119[/em],[/吐]
[em]e120[/em],[/偷笑]
[em]e121[/em],[/可爱]
[em]e122[/em],[/白眼]
[em]e123[/em],[/傲慢]
[em]e124[/em],[/饥饿]
[em]e125[/em],[/困]
[em]e126[/em],[/惊恐]
[em]e127[/em],[/流汗]
[em]e128[/em],[/憨笑]
[em]e129[/em],[/悠闲]
[em]e130[/em],[/奋斗]
[em]e131[/em],[/咒骂]
[em]e132[/em],[/疑问]
[em]e133[/em],[/嘘]
[em]e134[/em],[/晕]
[em]e135[/em],[/折磨]
[em]e136[/em],[/衰]
[em]e137[/em],[/骷髅]
[em]e138[/em],[/敲打]
[em]e139[/em],[/再见]
[em]e140[/em],[/擦汗]
[em]e141[/em],[/抠鼻]
[em]e142[/em],[/鼓掌]
[em]e143[/em],[/糗大了]
[em]e144[/em],[/坏笑]
[em]e145[/em],[/左哼哼]
[em]e146[/em],[/右哼哼]
[em]e147[/em],[/哈欠]
[em]e148[/em],[/鄙视]
[em]e149[/em],[/委屈]
[em]e150[/em],[/快哭了]
[em]e151[/em],[/阴险]
[em]e152[/em],[/亲亲]
[em]e153[/em],[/吓]
[em]e154[/em],[/可怜]
[em]e242[/em],[/调皮]
[em]e252[/em],[/笑哭]
[em]e249[/em],[/赌气]
[em]e243[/em],[/泪奔]
[em]e244[/em],[/无奈]
[em]e282[/em],[/酷噻]
[em]e245[/em],[/卖萌]
[em]e248[/em],[/奸笑]
[em]e247[/em],[/喷血]
[em]e250[/em],[/惊喜]
[em]e251[/em],[/骚扰]
[em]e246[/em],[/小纠结]
[em]e253[/em],[/我最美]
[em]e155[/em],[/菜刀]
[em]e156[/em],[/西瓜]
[em]e157[/em],[/啤酒]
[em]e158[/em],[/篮球]
[em]e159[/em],[/乒乓]
[em]e241[/em],[/汤]
[em]e160[/em],[/咖啡]
[em]e161[/em],[/饭]
[em]e162[/em],[/猪头]
[em]e163[/em],[/玫瑰]
[em]e164[/em],[/凋谢]
[em]e165[/em],[/示爱]
[em]e166[/em],[/爱心]
[em]e167[/em],[/心碎]
[em]e168[/em],[/蛋糕]
[em]e169[/em],[/闪电]
[em]e170[/em],[/炸弹]
[em]e171[/em],[/刀]
[em]e172[/em],[/足球]
[em]e173[/em],[/瓢虫]
[em]e174[/em],[/便便]
[em]e175[/em],[/月亮]
[em]e176[/em],[/太阳]
[em]e177[/em],[/礼物]
[em]e178[/em],[/拥抱]
[em]e179[/em],[/强]
[em]e180[/em],[/弱]
[em]e181[/em],[/握手]
[em]e182[/em],[/胜利]
[em]e183[/em],[/抱拳]
[em]e184[/em],[/勾引]
[em]e185[/em],[/拳头]
[em]e186[/em],[/差劲]
[em]e187[/em],[/爱你]
[em]e188[/em],[/NO]
[em]e189[/em],[/OK]
[em]e190[/em],[/爱情]
[em]e191[/em],[/飞吻]
[em]e192[/em],[/跳跳]
[em]e193[/em],[/发抖]
[em]e194[/em],[/怄火]
[em]e195[/em],[/转圈]
[em]e196[/em],[/磕头]
[em]e197[/em],[/回头]
[em]e198[/em],[/跳绳]
[em]e199[/em],[/挥手]
[em]e200[/em],[/激动]
[em]e201[/em],[/劲舞]
[em]e202[/em],[/幸会]
[em]e203[/em],[/左太极]
[em]e204[/em],[/右太极]
[em]e121001[/em],[em]e121001[/em]
[em]e121002[/em],[em]e121002[/em]
[em]e121003[/em],[em]e121003[/em]
[em]e121005[/em],[em]e121005[/em]
[em]e121009[/em],[em]e121009[/em]
[em]e121010[/em],[em]e121010[/em]
[em]e121011[/em],[em]e121011[/em]
[em]e121012[/em],[em]e121012[/em]
[em]e121013[/em],[em]e121013[/em]
[em]e121016[/em],[em]e121016[/em]
[em]e121023[/em],[em]e121023[/em]
[em]e121033[/em],[em]e121033[/em]
[em]e121034[/em],[em]e121034[/em]
[em]e258[/em],[/蛋]
[em]e262[/em],[/红包]
[em]e254[/em],[/河蟹]
[em]e255[/em],[/羊驼]
[em]e260[/em],[/菊花]
[em]e257[/em],[/幽灵]
[em]e263[/em],[/大笑]
[em]e264[/em],[/开心]
[em]e267[/em],[/瞪眼]
[em]e268[/em],[/饿]
[em]e269[/em],[/好棒]
[em]e270[/em],[/拜托]
[em]e271[/em],[/点赞]
[em]e272[/em],[/无聊]
[em]e273[/em],[/托脸]
[em]e274[/em],[/吃]
[em]e275[/em],[/送花]
[em]e276[/em],[/太大了]
[em]e277[/em],[/花痴]
[em]e278[/em],[em]e278[/em]
[em]e280[/em],[/掉泪]
[em]e281[/em],[/我不看]
[em]e284[/em],[em]e284[/em]
[em]e285[/em],[em]e285[/em]
[em]e286[/em],[em]e286[/em]
[em]e287[/em],[em]e287[/em]
[em]e288[/em],[em]e288[/em]
[em]e289[/em],[em]e289[/em]
[em]e290[/em],[em]e290[/em]
[em]e291[/em],[em]e291[/em]
[em]e292[/em],[em]e292[/em]
[em]e293[/em],[em]e293[/em]
[em]e295[/em],[em]e295[/em]
[em]e296[/em],[em]e296[/em]
[em]e297[/em],[em]e297[/em]
[em]e294[/em],[em]e294[/em]
[em]e298[/em],[em]e298[/em]
[em]e401181[/em],☺
[em]e401203[/em],☝
[em]e401210[/em],✌
[em]e401287[/em],♨
[em]e401298[/em],✈
[em]e401329[/em],☁
[em]e401328[/em],☀
[em]e401398[/em],☎
[em]e401385[/em],♣
[em]e401691[/em],〽
[em]e400822[/em],😀
[em]e400823[/em],😁
[em]e400824[/em],😂
[em]e402210[/em],🤣
[em]e400825[/em],😃
[em]e400826[/em],😄
[em]e400827[/em],😅
[em]e400828[/em],😆
[em]e400831[/em],😉
[em]e400832[/em],😊
[em]e400833[/em],😋
[em]e400836[/em],😎
[em]e400835[/em],😍
[em]e400846[/em],😘
[em]e400845[/em],😗
[em]e400847[/em],😙
[em]e400848[/em],😚
[em]e401074[/em],☺️
[em]e401182[/em],🙂
[em]e401183[/em],🤗
[em]e401184[/em],🤔
[em]e400838[/em],😐
[em]e400839[/em],😑
[em]e400876[/em],😶
[em]e401185[/em],🙄
[em]e400837[/em],😏
[em]e400857[/em],😣
[em]e400859[/em],😥
[em]e400868[/em],😮
[em]e401186[/em],🤐
[em]e400869[/em],😯
[em]e400864[/em],😪
[em]e400865[/em],😫
[em]e400874[/em],😴
[em]e400834[/em],😌
[em]e401187[/em],🤓
[em]e400849[/em],😛
[em]e400850[/em],😜
[em]e400851[/em],😝
[em]e402211[/em],🤤
[em]e400840[/em],😒
[em]e400841[/em],😓
[em]e400842[/em],😔
[em]e400843[/em],😕
[em]e401190[/em],🙃
[em]e401193[/em],🤑
[em]e400872[/em],😲
[em]e401188[/em],☹️
[em]e401189[/em],🙁
[em]e400844[/em],😖
[em]e400852[/em],😞
[em]e400853[/em],😟
[em]e400858[/em],😤
[em]e400856[/em],😢
[em]e400867[/em],😭
[em]e400860[/em],😦
[em]e400861[/em],😧
[em]e400862[/em],😨
[em]e400863[/em],😩
[em]e400866[/em],😬
[em]e400870[/em],😰
[em]e400871[/em],😱
[em]e400873[/em],😳
[em]e400875[/em],😵
[em]e400855[/em],😡
[em]e400854[/em],😠
[em]e400829[/em],😇
[em]e402207[/em],🤠
[em]e402208[/em],🤡
[em]e402212[/em],🤥
[em]e400877[/em],😷
[em]e401191[/em],🤒
[em]e401192[/em],🤕
[em]e402209[/em],🤢
[em]e402213[/em],🤧
[em]e400830[/em],😈
[em]e400571[/em],👿
[em]e400560[/em],👹
[em]e400561[/em],👺
[em]e400572[/em],💀
[em]e401243[/em],☠️
[em]e400562[/em],👻
[em]e400569[/em],👽
[em]e400570[/em],👾
[em]e401244[/em],🤖
[em]e400643[/em],💩
[em]e400880[/em],😺
[em]e400878[/em],😸
[em]e400879[/em],😹
[em]e400881[/em],😻
[em]e400882[/em],😼
[em]e400883[/em],😽
[em]e400886[/em],🙀
[em]e400885[/em],😿
[em]e400884[/em],😾
[em]e400905[/em],🙈
[em]e400906[/em],🙉
[em]e400907[/em],🙊
[em]e400453[/em],👦
[em]e400454[/em],👦🏻
[em]e400455[/em],👦🏼
[em]e400456[/em],👦🏽
[em]e400457[/em],👦🏾
[em]e400458[/em],👦🏿
[em]e400459[/em],👧
[em]e400460[/em],👧🏻
[em]e400461[/em],👧🏼
[em]e400462[/em],👧🏽
[em]e400463[/em],👧🏾
[em]e400464[/em],👧🏿
[em]e400465[/em],👨
[em]e400466[/em],👨🏻
[em]e400467[/em],👨🏼
[em]e400468[/em],👨🏽
[em]e400469[/em],👨🏾
[em]e400470[/em],👨🏿
[em]e400482[/em],👩
[em]e400483[/em],👩🏻
[em]e400484[/em],👩🏼
[em]e400485[/em],👩🏽
[em]e400486[/em],👩🏾
[em]e400487[/em],👩🏿
[em]e400530[/em],👴
[em]e400531[/em],👴🏻
[em]e400532[/em],👴🏼
[em]e400533[/em],👴🏽
[em]e400534[/em],👴🏾
[em]e400535[/em],👴🏿
[em]e400536[/em],👵
[em]e400537[/em],👵🏻
[em]e400538[/em],👵🏼
[em]e400539[/em],👵🏽
[em]e400540[/em],👵🏾
[em]e400541[/em],👵🏿
[em]e400542[/em],👶
[em]e400543[/em],👶🏻
[em]e400544[/em],👶🏼
[em]e400545[/em],👶🏽
[em]e400546[/em],👶🏾
[em]e400547[/em],👶🏿
[em]e400563[/em],👼
[em]e400564[/em],👼🏻
[em]e400565[/em],👼🏼
[em]e400566[/em],👼🏽
[em]e400567[/em],👼🏾
[em]e400568[/em],👼🏿
[em]e402060[/em],👨‍⚕️
[em]e401980[/em],👨🏻‍⚕️
[em]e401996[/em],👨🏼‍⚕️
[em]e402012[/em],👨🏽‍⚕️
[em]e402028[/em],👨🏾‍⚕️
[em]e402044[/em],👨🏿‍⚕️
[em]e402156[/em],👩‍⚕️
[em]e402076[/em],👩🏻‍⚕️
[em]e402092[/em],👩🏼‍⚕️
[em]e402108[/em],👩🏽‍⚕️
[em]e402124[/em],👩🏾‍⚕️
[em]e402140[/em],👩🏿‍⚕️
[em]e402049[/em],👨‍🎓
[em]e401969[/em],👨🏻‍🎓
[em]e401985[/em],👨🏼‍🎓
[em]e402001[/em],👨🏽‍🎓
[em]e402017[/em],👨🏾‍🎓
[em]e402033[/em],👨🏿‍🎓
[em]e402145[/em],👩‍🎓
[em]e402065[/em],👩🏻‍🎓
[em]e402081[/em],👩🏼‍🎓
[em]e402097[/em],👩🏽‍🎓
[em]e402113[/em],👩🏾‍🎓
[em]e402129[/em],👩🏿‍🎓
[em]e402052[/em],👨‍🏫
[em]e401972[/em],👨🏻‍🏫
[em]e401988[/em],👨🏼‍🏫
[em]e402004[/em],👨🏽‍🏫
[em]e402020[/em],👨🏾‍🏫
[em]e402036[/em],👨🏿‍🏫
[em]e402148[/em],👩‍🏫
[em]e402068[/em],👩🏻‍🏫
[em]e402084[/em],👩🏼‍🏫
[em]e402100[/em],👩🏽‍🏫
[em]e402116[/em],👩🏾‍🏫
[em]e402132[/em],👩🏿‍🏫
[em]e402061[/em],👨‍⚖️
[em]e401981[/em],👨🏻‍⚖️
[em]e401997[/em],👨🏼‍⚖️
[em]e402013[/em],👨🏽‍⚖️
[em]e402029[/em],👨🏾‍⚖️
[em]e402045[/em],👨🏿‍⚖️
[em]e402157[/em],👩‍⚖️
[em]e402077[/em],👩🏻‍⚖️
[em]e402093[/em],👩🏼‍⚖️
[em]e402109[/em],👩🏽‍⚖️
[em]e402125[/em],👩🏾‍⚖️
[em]e402141[/em],👩🏿‍⚖️
[em]e402047[/em],👨‍🌾
[em]e401967[/em],👨🏻‍🌾
[em]e401983[/em],👨🏼‍🌾
[em]e401999[/em],👨🏽‍🌾
[em]e402015[/em],👨🏾‍🌾
[em]e402031[/em],👨🏿‍🌾
[em]e402143[/em],👩‍🌾
[em]e402063[/em],👩🏻‍🌾
[em]e402079[/em],👩🏼‍🌾
[em]e402095[/em],👩🏽‍🌾
[em]e402111[/em],👩🏾‍🌾
[em]e402127[/em],👩🏿‍🌾
[em]e402048[/em],👨‍🍳
[em]e401968[/em],👨🏻‍🍳
[em]e401984[/em],👨🏼‍🍳
[em]e402000[/em],👨🏽‍🍳
[em]e402016[/em],👨🏾‍🍳
[em]e402032[/em],👨🏿‍🍳
[em]e402144[/em],👩‍🍳
[em]e402064[/em],👩🏻‍🍳
[em]e402080[/em],👩🏼‍🍳
[em]e402096[/em],👩🏽‍🍳
[em]e402112[/em],👩🏾‍🍳
[em]e402128[/em],👩🏿‍🍳
[em]e402056[/em],👨‍🔧
[em]e401976[/em],👨🏻‍🔧
[em]e401992[/em],👨🏼‍🔧
[em]e402008[/em],👨🏽‍🔧
[em]e402024[/em],👨🏾‍🔧
[em]e402040[/em],👨🏿‍🔧
[em]e402152[/em],👩‍🔧
[em]e402072[/em],👩🏻‍🔧
[em]e402088[/em],👩🏼‍🔧
[em]e402104[/em],👩🏽‍🔧
[em]e402120[/em],👩🏾‍🔧
[em]e402136[/em],👩🏿‍🔧
[em]e402053[/em],👨‍🏭
[em]e401973[/em],👨🏻‍🏭
[em]e401989[/em],👨🏼‍🏭
[em]e402005[/em],👨🏽‍🏭
[em]e402021[/em],👨🏾‍🏭
[em]e402037[/em],👨🏿‍🏭
[em]e402149[/em],👩‍🏭
[em]e402069[/em],👩🏻‍🏭
[em]e402085[/em],👩🏼‍🏭
[em]e402101[/em],👩🏽‍🏭
[em]e402117[/em],👩🏾‍🏭
[em]e402133[/em],👩🏿‍🏭
[em]e402055[/em],👨‍💼
[em]e401975[/em],👨🏻‍💼
[em]e401991[/em],👨🏼‍💼
[em]e402007[/em],👨🏽‍💼
[em]e402023[/em],👨🏾‍💼
[em]e402039[/em],👨🏿‍💼
[em]e402151[/em],👩‍💼
[em]e402071[/em],👩🏻‍💼
[em]e402087[/em],👩🏼‍💼
[em]e402103[/em],👩🏽‍💼
[em]e402119[/em],👩🏾‍💼
[em]e402135[/em],👩🏿‍💼
[em]e402057[/em],👨‍🔬
[em]e401977[/em],👨🏻‍🔬
[em]e401993[/em],👨🏼‍🔬
[em]e402009[/em],👨🏽‍🔬
[em]e402025[/em],👨🏾‍🔬
[em]e402041[/em],👨🏿‍🔬
[em]e402153[/em],👩‍🔬
[em]e402073[/em],👩🏻‍🔬
[em]e402089[/em],👩🏼‍🔬
[em]e402105[/em],👩🏽‍🔬
[em]e402121[/em],👩🏾‍🔬
[em]e402137[/em],👩🏿‍🔬
[em]e402054[/em],👨‍💻
[em]e401974[/em],👨🏻‍💻
[em]e401990[/em],👨🏼‍💻
[em]e402006[/em],👨🏽‍💻
[em]e402022[/em],👨🏾‍💻
[em]e402038[/em],👨🏿‍💻
[em]e402150[/em],👩‍💻
[em]e402070[/em],👩🏻‍💻
[em]e402086[/em],👩🏼‍💻
[em]e402102[/em],👩🏽‍💻
[em]e402118[/em],👩🏾‍💻
[em]e402134[/em],👩🏿‍💻
[em]e402050[/em],👨‍🎤
[em]e401970[/em],👨🏻‍🎤
[em]e401986[/em],👨🏼‍🎤
[em]e402002[/em],👨🏽‍🎤
[em]e402018[/em],👨🏾‍🎤
[em]e402034[/em],👨🏿‍🎤
[em]e402146[/em],👩‍🎤
[em]e402066[/em],👩🏻‍🎤
[em]e402082[/em],👩🏼‍🎤
[em]e402098[/em],👩🏽‍🎤
[em]e402114[/em],👩🏾‍🎤
[em]e402130[/em],👩🏿‍🎤
[em]e402051[/em],👨‍🎨
[em]e401971[/em],👨🏻‍🎨
[em]e401987[/em],👨🏼‍🎨
[em]e402003[/em],👨🏽‍🎨
[em]e402019[/em],👨🏾‍🎨
[em]e402035[/em],👨🏿‍🎨
[em]e402147[/em],👩‍🎨
[em]e402067[/em],👩🏻‍🎨
[em]e402083[/em],👩🏼‍🎨
[em]e402099[/em],👩🏽‍🎨
[em]e402115[/em],👩🏾‍🎨
[em]e402131[/em],👩🏿‍🎨
[em]e402062[/em],👨‍✈️
[em]e401982[/em],👨🏻‍✈️
[em]e401998[/em],👨🏼‍✈️
[em]e402014[/em],👨🏽‍✈️
[em]e402030[/em],👨🏾‍✈️
[em]e402046[/em],👨🏿‍✈️
[em]e402158[/em],👩‍✈️
[em]e402078[/em],👩🏻‍✈️
[em]e402094[/em],👩🏼‍✈️
[em]e402110[/em],👩🏽‍✈️
[em]e402126[/em],👩🏾‍✈️
[em]e402142[/em],👩🏿‍✈️
[em]e402058[/em],👨‍🚀
[em]e401978[/em],👨🏻‍🚀
[em]e401994[/em],👨🏼‍🚀
[em]e402010[/em],👨🏽‍🚀
[em]e402026[/em],👨🏾‍🚀
[em]e402042[/em],👨🏿‍🚀
[em]e402154[/em],👩‍🚀
[em]e402074[/em],👩🏻‍🚀
[em]e402090[/em],👩🏼‍🚀
[em]e402106[/em],👩🏽‍🚀
[em]e402122[/em],👩🏾‍🚀
[em]e402138[/em],👩🏿‍🚀
[em]e402059[/em],👨‍🚒
[em]e401979[/em],👨🏻‍🚒
[em]e401995[/em],👨🏼‍🚒
[em]e402011[/em],👨🏽‍🚒
[em]e402027[/em],👨🏾‍🚒
[em]e402043[/em],👨🏿‍🚒
[em]e402155[/em],👩‍🚒
[em]e402075[/em],👩🏻‍🚒
[em]e402091[/em],👩🏼‍🚒
[em]e402107[/em],👩🏽‍🚒
[em]e402123[/em],👩🏾‍🚒
[em]e402139[/em],👩🏿‍🚒
[em]e400499[/em],👮‍♂️
[em]e400500[/em],👮🏻‍♂️
[em]e400501[/em],👮🏼‍♂️
[em]e400502[/em],👮🏽‍♂️
[em]e400503[/em],👮🏾‍♂️
[em]e400504[/em],👮🏿‍♂️
[em]e401758[/em],👮‍♀️
[em]e401753[/em],👮🏻‍♀️
[em]e401754[/em],👮🏼‍♀️
[em]e401755[/em],👮🏽‍♀️
[em]e401756[/em],👮🏾‍♀️
[em]e401757[/em],👮🏿‍♀️
[em]e401818[/em],🕵️‍♂️
[em]e401804[/em],🕵🏻‍♂️
[em]e401807[/em],🕵🏼‍♂️
[em]e401810[/em],🕵🏽‍♂️
[em]e401813[/em],🕵🏾‍♂️
[em]e401816[/em],🕵🏿‍♂️
[em]e401817[/em],🕵️‍♀️
[em]e401803[/em],🕵🏻‍♀️
[em]e401806[/em],🕵🏼‍♀️
[em]e401809[/em],🕵🏽‍♀️
[em]e401812[/em],🕵🏾‍♀️
[em]e401815[/em],🕵🏿‍♀️
[em]e400579[/em],💂‍♂️
[em]e400580[/em],💂🏻‍♂️
[em]e400581[/em],💂🏼‍♂️
[em]e400582[/em],💂🏽‍♂️
[em]e400583[/em],💂🏾‍♂️
[em]e400584[/em],💂🏿‍♂️
[em]e401789[/em],💂‍♀️
[em]e401784[/em],💂🏻‍♀️
[em]e401785[/em],💂🏼‍♀️
[em]e401786[/em],💂🏽‍♀️
[em]e401787[/em],💂🏾‍♀️
[em]e401788[/em],💂🏿‍♀️
[em]e400548[/em],👷‍♂️
[em]e400549[/em],👷🏻‍♂️
[em]e400550[/em],👷🏼‍♂️
[em]e400551[/em],👷🏽‍♂️
[em]e400552[/em],👷🏾‍♂️
[em]e400553[/em],👷🏿‍♂️
[em]e401777[/em],👷‍♀️
[em]e401772[/em],👷🏻‍♀️
[em]e401773[/em],👷🏼‍♀️
[em]e401774[/em],👷🏽‍♀️
[em]e401775[/em],👷🏾‍♀️
[em]e401776[/em],👷🏿‍♀️
[em]e400529[/em],👳‍♂️
[em]e400524[/em],👳🏻‍♂️
[em]e400525[/em],👳🏼‍♂️
[em]e400526[/em],👳🏽‍♂️
[em]e400527[/em],👳🏾‍♂️
[em]e400528[/em],👳🏿‍♂️
[em]e401771[/em],👳‍♀️
[em]e401766[/em],👳🏻‍♀️
[em]e401767[/em],👳🏼‍♀️
[em]e401768[/em],👳🏽‍♀️
[em]e401769[/em],👳🏾‍♀️
[em]e401770[/em],👳🏿‍♀️
[em]e400512[/em],👱‍♂️
[em]e400513[/em],👱🏻‍♂️
[em]e400514[/em],👱🏼‍♂️
[em]e400515[/em],👱🏽‍♂️
[em]e400516[/em],👱🏾‍♂️
[em]e400517[/em],👱🏿‍♂️
[em]e401765[/em],👱‍♀️
[em]e401760[/em],👱🏻‍♀️
[em]e401761[/em],👱🏼‍♀️
[em]e401762[/em],👱🏽‍♀️
[em]e401763[/em],👱🏾‍♀️
[em]e401764[/em],👱🏿‍♀️
[em]e400189[/em],🎅
[em]e400190[/em],🎅🏻
[em]e400191[/em],🎅🏼
[em]e400192[/em],🎅🏽
[em]e400193[/em],🎅🏾
[em]e400194[/em],🎅🏿
[em]e402238[/em],🤶
[em]e402239[/em],🤶🏻
[em]e402240[/em],🤶🏼
[em]e402241[/em],🤶🏽
[em]e402242[/em],🤶🏾
[em]e402243[/em],🤶🏿
[em]e400554[/em],👸
[em]e400555[/em],👸🏻
[em]e400556[/em],👸🏼
[em]e400557[/em],👸🏽
[em]e400558[/em],👸🏾
[em]e400559[/em],👸🏿
[em]e402226[/em],🤴
[em]e402227[/em],🤴🏻
[em]e402228[/em],🤴🏼
[em]e402229[/em],🤴🏽
[em]e402230[/em],🤴🏾
[em]e402231[/em],🤴🏿
[em]e400506[/em],👰
[em]e400507[/em],👰🏻
[em]e400508[/em],👰🏼
[em]e400509[/em],👰🏽
[em]e400510[/em],👰🏾
[em]e400511[/em],👰🏿
[em]e402232[/em],🤵
[em]e402233[/em],🤵🏻
[em]e402234[/em],🤵🏼
[em]e402235[/em],🤵🏽
[em]e402236[/em],🤵🏾
[em]e402237[/em],🤵🏿
[em]e402214[/em],🤰
[em]e402215[/em],🤰🏻
[em]e402216[/em],🤰🏼
[em]e402217[/em],🤰🏽
[em]e402218[/em],🤰🏾
[em]e402219[/em],🤰🏿
[em]e400518[/em],👲
[em]e400519[/em],👲🏻
[em]e400520[/em],👲🏼
[em]e400521[/em],👲🏽
[em]e400522[/em],👲🏾
[em]e400523[/em],👲🏿
[em]e401848[/em],🙍‍♂️
[em]e401843[/em],🙍🏻‍♂️
[em]e401844[/em],🙍🏼‍♂️
[em]e401845[/em],🙍🏽‍♂️
[em]e401846[/em],🙍🏾‍♂️
[em]e401847[/em],🙍🏿‍♂️
[em]e400920[/em],🙍‍♀️
[em]e400921[/em],🙍🏻‍♀️
[em]e400922[/em],🙍🏼‍♀️
[em]e400923[/em],🙍🏽‍♀️
[em]e400924[/em],🙍🏾‍♀️
[em]e400925[/em],🙍🏿‍♀️
[em]e401854[/em],🙎‍♂️
[em]e401849[/em],🙎🏻‍♂️
[em]e401850[/em],🙎🏼‍♂️
[em]e401851[/em],🙎🏽‍♂️
[em]e401852[/em],🙎🏾‍♂️
[em]e401853[/em],🙎🏿‍♂️
[em]e400926[/em],🙎‍♀️
[em]e400927[/em],🙎🏻‍♀️
[em]e400928[/em],🙎🏼‍♀️
[em]e400929[/em],🙎🏽‍♀️
[em]e400930[/em],🙎🏾‍♀️
[em]e400931[/em],🙎🏿‍♀️
[em]e401824[/em],🙅‍♂️
[em]e401819[/em],🙅🏻‍♂️
[em]e401820[/em],🙅🏼‍♂️
[em]e401821[/em],🙅🏽‍♂️
[em]e401822[/em],🙅🏾‍♂️
[em]e401823[/em],🙅🏿‍♂️
[em]e400887[/em],🙅‍♀️
[em]e400888[/em],🙅🏻‍♀️
[em]e400889[/em],🙅🏼‍♀️
[em]e400890[/em],🙅🏽‍♀️
[em]e400891[/em],🙅🏾‍♀️
[em]e400892[/em],🙅🏿‍♀️
[em]e401830[/em],🙆‍♂️
[em]e401825[/em],🙆🏻‍♂️
[em]e401826[/em],🙆🏼‍♂️
[em]e401827[/em],🙆🏽‍♂️
[em]e401828[/em],🙆🏾‍♂️
[em]e401829[/em],🙆🏿‍♂️
[em]e400893[/em],🙆‍♀️
[em]e400894[/em],🙆🏻‍♀️
[em]e400895[/em],🙆🏼‍♀️
[em]e400896[/em],🙆🏽‍♀️
[em]e400897[/em],🙆🏾‍♀️
[em]e400898[/em],🙆🏿‍♀️
[em]e401783[/em],💁‍♂️
[em]e401778[/em],💁🏻‍♂️
[em]e401779[/em],💁🏼‍♂️
[em]e401780[/em],💁🏽‍♂️
[em]e401781[/em],💁🏾‍♂️
[em]e401782[/em],💁🏿‍♂️
[em]e400573[/em],💁‍♀️
[em]e400574[/em],💁🏻‍♀️
[em]e400575[/em],💁🏼‍♀️
[em]e400576[/em],💁🏽‍♀️
[em]e400577[/em],💁🏾‍♀️
[em]e400578[/em],💁🏿‍♀️
[em]e401842[/em],🙋‍♂️
[em]e401837[/em],🙋🏻‍♂️
[em]e401838[/em],🙋🏼‍♂️
[em]e401839[/em],🙋🏽‍♂️
[em]e401840[/em],🙋🏾‍♂️
[em]e401841[/em],🙋🏿‍♂️
[em]e400908[/em],🙋‍♀️
[em]e400909[/em],🙋🏻‍♀️
[em]e400910[/em],🙋🏼‍♀️
[em]e400911[/em],🙋🏽‍♀️
[em]e400912[/em],🙋🏾‍♀️
[em]e400913[/em],🙋🏿‍♀️
[em]e400899[/em],🙇‍♂️
[em]e400900[/em],🙇🏻‍♂️
[em]e400901[/em],🙇🏼‍♂️
[em]e400902[/em],🙇🏽‍♂️
[em]e400903[/em],🙇🏾‍♂️
[em]e400904[/em],🙇🏿‍♂️
[em]e401836[/em],🙇‍♀️
[em]e401831[/em],🙇🏻‍♀️
[em]e401832[/em],🙇🏼‍♀️
[em]e401833[/em],🙇🏽‍♀️
[em]e401834[/em],🙇🏾‍♀️
[em]e401835[/em],🙇🏿‍♀️
[em]e401895[/em],🤦‍♂️
[em]e401896[/em],🤦🏻‍♂️
[em]e401897[/em],🤦🏼‍♂️
[em]e401898[/em],🤦🏽‍♂️
[em]e401899[/em],🤦🏾‍♂️
[em]e401900[/em],🤦🏿‍♂️
[em]e401901[/em],🤦‍♀️
[em]e401902[/em],🤦🏻‍♀️
[em]e401903[/em],🤦🏼‍♀️
[em]e401904[/em],🤦🏽‍♀️
[em]e401905[/em],🤦🏾‍♀️
[em]e401906[/em],🤦🏿‍♀️
[em]e401913[/em],🤷‍♂️
[em]e401914[/em],🤷🏻‍♂️
[em]e401915[/em],🤷🏼‍♂️
[em]e401916[/em],🤷🏽‍♂️
[em]e401917[/em],🤷🏾‍♂️
[em]e401918[/em],🤷🏿‍♂️
[em]e401907[/em],🤷‍♀️
[em]e401908[/em],🤷🏻‍♀️
[em]e401909[/em],🤷🏼‍♀️
[em]e401910[/em],🤷🏽‍♀️
[em]e401911[/em],🤷🏾‍♀️
[em]e401912[/em],🤷🏿‍♀️
[em]e401795[/em],💆‍♂️
[em]e401790[/em],💆🏻‍♂️
[em]e401791[/em],💆🏼‍♂️
[em]e401792[/em],💆🏽‍♂️
[em]e401793[/em],💆🏾‍♂️
[em]e401794[/em],💆🏿‍♂️
[em]e400598[/em],💆‍♀️
[em]e400599[/em],💆🏻‍♀️
[em]e400600[/em],💆🏼‍♀️
[em]e400601[/em],💆🏽‍♀️
[em]e400602[/em],💆🏾‍♀️
[em]e400603[/em],💆🏿‍♀️
[em]e401801[/em],💇‍♂️
[em]e401796[/em],💇🏻‍♂️
[em]e401797[/em],💇🏼‍♂️
[em]e401798[/em],💇🏽‍♂️
[em]e401799[/em],💇🏾‍♂️
[em]e401800[/em],💇🏿‍♂️
[em]e400604[/em],💇‍♀️
[em]e400605[/em],💇🏻‍♀️
[em]e400606[/em],💇🏼‍♀️
[em]e400607[/em],💇🏽‍♀️
[em]e400608[/em],💇🏾‍♀️
[em]e400609[/em],💇🏿‍♀️
[em]e401007[/em],🚶‍♂️
[em]e401008[/em],🚶🏻‍♂️
[em]e401009[/em],🚶🏼‍♂️
[em]e401010[/em],🚶🏽‍♂️
[em]e401011[/em],🚶🏾‍♂️
[em]e401012[/em],🚶🏿‍♂️
[em]e401878[/em],🚶‍♀️
[em]e401873[/em],🚶🏻‍♀️
[em]e401874[/em],🚶🏼‍♀️
[em]e401875[/em],🚶🏽‍♀️
[em]e401876[/em],🚶🏾‍♀️
[em]e401877[/em],🚶🏿‍♀️
[em]e400244[/em],🏃‍♂️
[em]e400245[/em],🏃🏻‍♂️
[em]e400246[/em],🏃🏼‍♂️
[em]e400247[/em],🏃🏽‍♂️
[em]e400248[/em],🏃🏾‍♂️
[em]e400249[/em],🏃🏿‍♂️
[em]e401722[/em],🏃‍♀️
[em]e401717[/em],🏃🏻‍♀️
[em]e401718[/em],🏃🏼‍♀️
[em]e401719[/em],🏃🏽‍♀️
[em]e401720[/em],🏃🏾‍♀️
[em]e401721[/em],🏃🏿‍♀️
[em]e400585[/em],💃
[em]e400586[/em],💃🏻
[em]e400587[/em],💃🏼
[em]e400588[/em],💃🏽
[em]e400589[/em],💃🏾
[em]e400590[/em],💃🏿
[em]e402164[/em],🕺
[em]e402165[/em],🕺🏻
[em]e402166[/em],🕺🏼
[em]e402167[/em],🕺🏽
[em]e402168[/em],🕺🏾
[em]e402169[/em],🕺🏿
[em]e401759[/em],👯‍♂️
[em]e400505[/em],👯‍♀️
[em]e401197[/em],🕴
[em]e401196[/em],🗣
[em]e400451[/em],👤
[em]e400452[/em],👥
[em]e400496[/em],👫
[em]e400497[/em],👬
[em]e400498[/em],👭
[em]e400617[/em],💏
[em]e400481[/em],👨‍❤️‍💋‍👨
[em]e400494[/em],👩‍❤️‍💋‍👩
[em]e400619[/em],💑
[em]e400480[/em],👨‍❤️‍👨
[em]e400493[/em],👩‍❤️‍👩
[em]e400495[/em],👪
[em]e400478[/em],👨‍👩‍👧
[em]e401180[/em],👨‍👩‍👧‍👦
[em]e400477[/em],👨‍👩‍👦‍👦
[em]e400479[/em],👨‍👩‍👧‍👧
[em]e400471[/em],👨‍👨‍👦
[em]e400473[/em],👨‍👨‍👧
[em]e400474[/em],👨‍👨‍👧‍👦
[em]e400472[/em],👨‍👨‍👦‍👦
[em]e400475[/em],👨‍👨‍👧‍👧
[em]e400488[/em],👩‍👩‍👦
[em]e400490[/em],👩‍👩‍👧
[em]e400491[/em],👩‍👩‍👧‍👦
[em]e400489[/em],👩‍👩‍👦‍👦
[em]e400492[/em],👩‍👩‍👧‍👧
[em]e401743[/em],👨‍👦
[em]e401744[/em],👨‍👦‍👦
[em]e401745[/em],👨‍👧
[em]e401746[/em],👨‍👧‍👦
[em]e401747[/em],👨‍👧‍👧
[em]e401748[/em],👩‍👦
[em]e401749[/em],👩‍👦‍👦
[em]e401750[/em],👩‍👧
[em]e401751[/em],👩‍👧‍👦
[em]e401752[/em],👩‍👧‍👧
[em]e400644[/em],💪
[em]e400645[/em],💪🏻
[em]e400646[/em],💪🏼
[em]e400647[/em],💪🏽
[em]e400648[/em],💪🏾
[em]e400649[/em],💪🏿
[em]e402220[/em],🤳
[em]e402221[/em],🤳🏻
[em]e402222[/em],🤳🏼
[em]e402223[/em],🤳🏽
[em]e402224[/em],🤳🏾
[em]e402225[/em],🤳🏿
[em]e400378[/em],👈
[em]e400379[/em],👈🏻
[em]e400380[/em],👈🏼
[em]e400381[/em],👈🏽
[em]e400382[/em],👈🏾
[em]e400383[/em],👈🏿
[em]e400384[/em],👉
[em]e400385[/em],👉🏻
[em]e400386[/em],👉🏼
[em]e400387[/em],👉🏽
[em]e400388[/em],👉🏾
[em]e400389[/em],👉🏿
[em]e401073[/em],☝️
[em]e401068[/em],☝🏻
[em]e401069[/em],☝🏼
[em]e401070[/em],☝🏽
[em]e401071[/em],☝🏾
[em]e401072[/em],☝🏿
[em]e400366[/em],👆
[em]e400367[/em],👆🏻
[em]e400368[/em],👆🏼
[em]e400369[/em],👆🏽
[em]e400370[/em],👆🏾
[em]e400371[/em],👆🏿
[em]e401209[/em],🖕
[em]e401204[/em],🖕🏻
[em]e401205[/em],🖕🏼
[em]e401206[/em],🖕🏽
[em]e401207[/em],🖕🏾
[em]e401208[/em],🖕🏿
[em]e400372[/em],👇
[em]e400373[/em],👇🏻
[em]e400374[/em],👇🏼
[em]e400375[/em],👇🏽
[em]e400376[/em],👇🏾
[em]e400377[/em],👇🏿
[em]e401132[/em],✌️
[em]e401127[/em],✌🏻
[em]e401128[/em],✌🏼
[em]e401129[/em],✌🏽
[em]e401130[/em],✌🏾
[em]e401131[/em],✌🏿
[em]e402201[/em],🤞
[em]e402202[/em],🤞🏻
[em]e402203[/em],🤞🏼
[em]e402204[/em],🤞🏽
[em]e402205[/em],🤞🏾
[em]e402206[/em],🤞🏿
[em]e401216[/em],🖖
[em]e401211[/em],🖖🏻
[em]e401212[/em],🖖🏼
[em]e401213[/em],🖖🏽
[em]e401214[/em],🖖🏾
[em]e401215[/em],🖖🏿
[em]e401222[/em],🤘
[em]e401217[/em],🤘🏻
[em]e401218[/em],🤘🏼
[em]e401219[/em],🤘🏽
[em]e401220[/em],🤘🏾
[em]e401221[/em],🤘🏿
[em]e402176[/em],🤙
[em]e402177[/em],🤙🏻
[em]e402178[/em],🤙🏼
[em]e402179[/em],🤙🏽
[em]e402180[/em],🤙🏾
[em]e402181[/em],🤙🏿
[em]e401228[/em],🖐
[em]e401223[/em],🖐🏻
[em]e401224[/em],🖐🏼
[em]e401225[/em],🖐🏽
[em]e401226[/em],🖐🏾
[em]e401227[/em],🖐🏿
[em]e401121[/em],✋
[em]e401122[/em],✋🏻
[em]e401123[/em],✋🏼
[em]e401124[/em],✋🏽
[em]e401125[/em],✋🏾
[em]e401126[/em],✋🏿
[em]e400402[/em],👌
[em]e400403[/em],👌🏻
[em]e400404[/em],👌🏼
[em]e400405[/em],👌🏽
[em]e400406[/em],👌🏾
[em]e400407[/em],👌🏿
[em]e400408[/em],👍
[em]e400409[/em],👍🏻
[em]e400410[/em],👍🏼
[em]e400411[/em],👍🏽
[em]e400412[/em],👍🏾
[em]e400413[/em],👍🏿
[em]e400414[/em],👎
[em]e400415[/em],👎🏻
[em]e400416[/em],👎🏼
[em]e400417[/em],👎🏽
[em]e400418[/em],👎🏾
[em]e400419[/em],👎🏿
[em]e401115[/em],✊
[em]e401116[/em],✊🏻
[em]e401117[/em],✊🏼
[em]e401118[/em],✊🏽
[em]e401119[/em],✊🏾
[em]e401120[/em],✊🏿
[em]e400390[/em],👊
[em]e400391[/em],👊🏻
[em]e400392[/em],👊🏼
[em]e400393[/em],👊🏽
[em]e400394[/em],👊🏾
[em]e400395[/em],👊🏿
[em]e402188[/em],🤛
[em]e402189[/em],🤛🏻
[em]e402190[/em],🤛🏼
[em]e402191[/em],🤛🏽
[em]e402192[/em],🤛🏾
[em]e402193[/em],🤛🏿
[em]e402194[/em],🤜
[em]e402195[/em],🤜🏻
[em]e402196[/em],🤜🏼
[em]e402197[/em],🤜🏽
[em]e402198[/em],🤜🏾
[em]e402199[/em],🤜🏿
[em]e402182[/em],🤚
[em]e402183[/em],🤚🏻
[em]e402184[/em],🤚🏼
[em]e402185[/em],🤚🏽
[em]e402186[/em],🤚🏾
[em]e402187[/em],🤚🏿
[em]e400396[/em],👋
[em]e400397[/em],👋🏻
[em]e400398[/em],👋🏼
[em]e400399[/em],👋🏽
[em]e400400[/em],👋🏾
[em]e400401[/em],👋🏿
[em]e400420[/em],👏
[em]e400421[/em],👏🏻
[em]e400422[/em],👏🏼
[em]e400423[/em],👏🏽
[em]e400424[/em],👏🏾
[em]e400425[/em],👏🏿
[em]e401234[/em],✍️
[em]e401229[/em],✍🏻
[em]e401230[/em],✍🏼
[em]e401231[/em],✍🏽
[em]e401232[/em],✍🏾
[em]e401233[/em],✍🏿
[em]e400426[/em],👐
[em]e400427[/em],👐🏻
[em]e400428[/em],👐🏼
[em]e400429[/em],👐🏽
[em]e400430[/em],👐🏾
[em]e400431[/em],👐🏿
[em]e400914[/em],🙌
[em]e400915[/em],🙌🏻
[em]e400916[/em],🙌🏼
[em]e400917[/em],🙌🏽
[em]e400918[/em],🙌🏾
[em]e400919[/em],🙌🏿
[em]e400932[/em],🙏
[em]e400933[/em],🙏🏻
[em]e400934[/em],🙏🏼
[em]e400935[/em],🙏🏽
[em]e400936[/em],🙏🏾
[em]e400937[/em],🙏🏿
[em]e402200[/em],🤝
[em]e401198[/em],🏻
[em]e401199[/em],🏼
[em]e401200[/em],🏽
[em]e401201[/em],🏾
[em]e401202[/em],🏿
[em]e400592[/em],💅
[em]e400593[/em],💅🏻
[em]e400594[/em],💅🏼
[em]e400595[/em],💅🏽
[em]e400596[/em],💅🏾
[em]e400597[/em],💅🏿
[em]e400352[/em],👂
[em]e400353[/em],👂🏻
[em]e400354[/em],👂🏼
[em]e400355[/em],👂🏽
[em]e400356[/em],👂🏾
[em]e400357[/em],👂🏿
[em]e400358[/em],👃
[em]e400359[/em],👃🏻
[em]e400360[/em],👃🏼
[em]e400361[/em],👃🏽
[em]e400362[/em],👃🏾
[em]e400363[/em],👃🏿
[em]e400450[/em],👣
[em]e400351[/em],👀
[em]e401235[/em],👁
[em]e401716[/em],🗨
[em]e400365[/em],👅
[em]e400364[/em],👄
[em]e400613[/em],💋
[em]e400626[/em],💘
[em]e401148[/em],❤️
[em]e400621[/em],💓
[em]e400622[/em],💔
[em]e400623[/em],💕
[em]e400624[/em],💖
[em]e400625[/em],💗
[em]e400627[/em],💙
[em]e400628[/em],💚
[em]e400629[/em],💛
[em]e400630[/em],💜
[em]e402170[/em],🖤
[em]e400631[/em],💝
[em]e400632[/em],💞
[em]e400633[/em],💟
[em]e401237[/em],❣️
[em]e400614[/em],💌
[em]e400638[/em],💤
[em]e400636[/em],💢
[em]e400637[/em],💣
[em]e400639[/em],💥
[em]e400640[/em],💦
[em]e400642[/em],💨
[em]e400650[/em],💫
[em]e400651[/em],💬
[em]e401716[/em],🗨
[em]e401239[/em],🗯
[em]e400652[/em],💭
[em]e401238[/em],🕳
[em]e400434[/em],👓
[em]e401240[/em],🕶
[em]e400435[/em],👔
[em]e400436[/em],👕
[em]e400437[/em],👖
[em]e400438[/em],👗
[em]e400439[/em],👘
[em]e400440[/em],👙
[em]e400441[/em],👚
[em]e400442[/em],👛
[em]e400443[/em],👜
[em]e400444[/em],👝
[em]e401241[/em],🛍
[em]e400207[/em],🎒
[em]e400445[/em],👞
[em]e400446[/em],👟
[em]e400447[/em],👠
[em]e400448[/em],👡
[em]e400449[/em],👢
[em]e400432[/em],👑
[em]e400433[/em],👒
[em]e400218[/em],🎩
[em]e400208[/em],🎓
[em]e401194[/em],⛑
[em]e401242[/em],📿
[em]e400591[/em],💄
[em]e400615[/em],💍
[em]e400616[/em],💎
[em]e400341[/em],🐵
[em]e400306[/em],🐒
[em]e402282[/em],🦍
[em]e400342[/em],🐶
[em]e400309[/em],🐕
[em]e400329[/em],🐩
[em]e400346[/em],🐺
[em]e402279[/em],🦊
[em]e400337[/em],🐱
[em]e400296[/em],🐈
[em]e401245[/em],🦁
[em]e400335[/em],🐯
[em]e400293[/em],🐅
[em]e400294[/em],🐆
[em]e400340[/em],🐴
[em]e400302[/em],🐎
[em]e402281[/em],🦌
[em]e401246[/em],🦄
[em]e400334[/em],🐮
[em]e400290[/em],🐂
[em]e400291[/em],🐃
[em]e400292[/em],🐄
[em]e400343[/em],🐷
[em]e400310[/em],🐖
[em]e400311[/em],🐗
[em]e400349[/em],🐽
[em]e400303[/em],🐏
[em]e400305[/em],🐑
[em]e400304[/em],🐐
[em]e400330[/em],🐪
[em]e400331[/em],🐫
[em]e400312[/em],🐘
[em]e402284[/em],🦏
[em]e400333[/em],🐭
[em]e400289[/em],🐁
[em]e400288[/em],🐀
[em]e400345[/em],🐹
[em]e400336[/em],🐰
[em]e400295[/em],🐇
[em]e401247[/em],🐿
[em]e402276[/em],🦇
[em]e400347[/em],🐻
[em]e400328[/em],🐨
[em]e400348[/em],🐼
[em]e400350[/em],🐾
[em]e401248[/em],🦃
[em]e400308[/em],🐔
[em]e400307[/em],🐓
[em]e400323[/em],🐣
[em]e400324[/em],🐤
[em]e400325[/em],🐥
[em]e400326[/em],🐦
[em]e400327[/em],🐧
[em]e401249[/em],🕊
[em]e402274[/em],🦅
[em]e402275[/em],🦆
[em]e402278[/em],🦉
[em]e400344[/em],🐸
[em]e400298[/em],🐊
[em]e400322[/em],🐢
[em]e402283[/em],🦎
[em]e400301[/em],🐍
[em]e400338[/em],🐲
[em]e400297[/em],🐉
[em]e400339[/em],🐳
[em]e400299[/em],🐋
[em]e400332[/em],🐬
[em]e400319[/em],🐟
[em]e400320[/em],🐠
[em]e400321[/em],🐡
[em]e402277[/em],🦈
[em]e400313[/em],🐙
[em]e400314[/em],🐚
[em]e401250[/em],🦀
[em]e402285[/em],🦐
[em]e402286[/em],🦑
[em]e402280[/em],🦋
[em]e400300[/em],🐌
[em]e400315[/em],🐛
[em]e400316[/em],🐜
[em]e400317[/em],🐝
[em]e400318[/em],🐞
[em]e401251[/em],🕷
[em]e401252[/em],🕸
[em]e401253[/em],🦂
[em]e400618[/em],💐
[em]e400115[/em],🌸
[em]e400653[/em],💮
[em]e401254[/em],🏵
[em]e400116[/em],🌹
[em]e402248[/em],🥀
[em]e400117[/em],🌺
[em]e400118[/em],🌻
[em]e400119[/em],🌼
[em]e400114[/em],🌷
[em]e400109[/em],🌱
[em]e400110[/em],🌲
[em]e400111[/em],🌳
[em]e400112[/em],🌴
[em]e400113[/em],🌵
[em]e400121[/em],🌾
[em]e400122[/em],🌿
[em]e401255[/em],☘️
[em]e400123[/em],🍀
[em]e400124[/em],🍁
[em]e400125[/em],🍂
[em]e400126[/em],🍃
[em]e400130[/em],🍇
[em]e400131[/em],🍈
[em]e400132[/em],🍉
[em]e400133[/em],🍊
[em]e400134[/em],🍋
[em]e400135[/em],🍌
[em]e400136[/em],🍍
[em]e400137[/em],🍎
[em]e400138[/em],🍏
[em]e400139[/em],🍐
[em]e400140[/em],🍑
[em]e400141[/em],🍒
[em]e400142[/em],🍓
[em]e402272[/em],🥝
[em]e400128[/em],🍅
[em]e402260[/em],🥑
[em]e400129[/em],🍆
[em]e402263[/em],🥔
[em]e402264[/em],🥕
[em]e400120[/em],🌽
[em]e401256[/em],🌶️
[em]e402261[/em],🥒
[em]e400127[/em],🍄
[em]e402271[/em],🥜
[em]e400108[/em],🌰
[em]e400153[/em],🍞
[em]e402259[/em],🥐
[em]e402265[/em],🥖
[em]e402273[/em],🥞
[em]e401257[/em],🧀
[em]e400145[/em],🍖
[em]e400146[/em],🍗
[em]e402262[/em],🥓
[em]e400143[/em],🍔
[em]e400154[/em],🍟
[em]e400144[/em],🍕
[em]e401258[/em],🌭
[em]e401259[/em],🌮
[em]e401260[/em],🌯
[em]e402268[/em],🥙
[em]e402269[/em],🥚
[em]e400174[/em],🍳
[em]e402267[/em],🥘
[em]e400173[/em],🍲
[em]e402266[/em],🥗
[em]e401261[/em],🍿
[em]e400172[/em],🍱
[em]e400147[/em],🍘
[em]e400148[/em],🍙
[em]e400149[/em],🍚
[em]e400150[/em],🍛
[em]e400151[/em],🍜
[em]e400152[/em],🍝
[em]e400155[/em],🍠
[em]e400157[/em],🍢
[em]e400158[/em],🍣
[em]e400159[/em],🍤
[em]e400160[/em],🍥
[em]e400156[/em],🍡
[em]e400161[/em],🍦
[em]e400162[/em],🍧
[em]e400163[/em],🍨
[em]e400164[/em],🍩
[em]e400165[/em],🍪
[em]e400186[/em],🎂
[em]e400171[/em],🍰
[em]e400166[/em],🍫
[em]e400167[/em],🍬
[em]e400168[/em],🍭
[em]e400169[/em],🍮
[em]e400170[/em],🍯
[em]e400183[/em],🍼
[em]e402270[/em],🥛
[em]e401262[/em],☕
[em]e400176[/em],🍵
[em]e400177[/em],🍶
[em]e401263[/em],🍾
[em]e400178[/em],🍷
[em]e400179[/em],🍸
[em]e400180[/em],🍹
[em]e400181[/em],🍺
[em]e400182[/em],🍻
[em]e402250[/em],🥂
[em]e402251[/em],🥃
[em]e401264[/em],🍽
[em]e400175[/em],🍴
[em]e402252[/em],🥄
[em]e400773[/em],🔪
[em]e401265[/em],🏺
[em]e400088[/em],🌍
[em]e400089[/em],🌎
[em]e400090[/em],🌏
[em]e400091[/em],🌐
[em]e401266[/em],🗺
[em]e400820[/em],🗾
[em]e401267[/em],🏔
[em]e401268[/em],⛰
[em]e400086[/em],🌋
[em]e400817[/em],🗻
[em]e401269[/em],🏕
[em]e401270[/em],🏖
[em]e401271[/em],🏜
[em]e401272[/em],🏝
[em]e401273[/em],🏞
[em]e401274[/em],🏟
[em]e401275[/em],🏛
[em]e401276[/em],🏗
[em]e401277[/em],🏘
[em]e401278[/em],🏙
[em]e401279[/em],🏚
[em]e400271[/em],🏠
[em]e400272[/em],🏡
[em]e400273[/em],🏢
[em]e400274[/em],🏣
[em]e400275[/em],🏤
[em]e400276[/em],🏥
[em]e400277[/em],🏦
[em]e400279[/em],🏨
[em]e400280[/em],🏩
[em]e400281[/em],🏪
[em]e400282[/em],🏫
[em]e400283[/em],🏬
[em]e400284[/em],🏭
[em]e400286[/em],🏯
[em]e400287[/em],🏰
[em]e400620[/em],💒
[em]e400818[/em],🗼
[em]e400819[/em],🗽
[em]e401281[/em],⛪
[em]e401283[/em],🕌
[em]e401284[/em],🕍
[em]e401679[/em],⛩
[em]e401282[/em],🕋
[em]e401285[/em],⛲
[em]e401286[/em],⛺
[em]e400076[/em],🌁
[em]e400078[/em],🌃
[em]e400079[/em],🌄
[em]e400080[/em],🌅
[em]e400081[/em],🌆
[em]e400082[/em],🌇
[em]e400084[/em],🌉
[em]e401091[/em],♨️
[em]e400087[/em],🌌
[em]e400209[/em],🎠
[em]e400210[/em],🎡
[em]e400211[/em],🎢
[em]e400610[/em],💈
[em]e400219[/em],🎪
[em]e400222[/em],🎭
[em]e401288[/em],🖼
[em]e400217[/em],🎨
[em]e400225[/em],🎰
[em]e400940[/em],🚂
[em]e400941[/em],🚃
[em]e400942[/em],🚄
[em]e400943[/em],🚅
[em]e400944[/em],🚆
[em]e400945[/em],🚇
[em]e400946[/em],🚈
[em]e400947[/em],🚉
[em]e400948[/em],🚊
[em]e400967[/em],🚝
[em]e400968[/em],🚞
[em]e400949[/em],🚋
[em]e400950[/em],🚌
[em]e400951[/em],🚍
[em]e400952[/em],🚎
[em]e400954[/em],🚐
[em]e400955[/em],🚑
[em]e400956[/em],🚒
[em]e400957[/em],🚓
[em]e400958[/em],🚔
[em]e400959[/em],🚕
[em]e400960[/em],🚖
[em]e400961[/em],🚗
[em]e400962[/em],🚘
[em]e400963[/em],🚙
[em]e400964[/em],🚚
[em]e400965[/em],🚛
[em]e400966[/em],🚜
[em]e400993[/em],🚲
[em]e402173[/em],🛴
[em]e402174[/em],🛵
[em]e401372[/em],🏎
[em]e401373[/em],🏍
[em]e400953[/em],🚏
[em]e401291[/em],🛣
[em]e401292[/em],🛤
[em]e401289[/em],⛽
[em]e400983[/em],🚨
[em]e400980[/em],🚥
[em]e400981[/em],🚦
[em]e400982[/em],🚧
[em]e402171[/em],🛑
[em]e401293[/em],⚓
[em]e401294[/em],⛵
[em]e402175[/em],🛶
[em]e400979[/em],🚤
[em]e401295[/em],🛳
[em]e401296[/em],⛴
[em]e401297[/em],🛥
[em]e400972[/em],🚢
[em]e401113[/em],✈️
[em]e401299[/em],🛩
[em]e401300[/em],🛫
[em]e401301[/em],🛬
[em]e400665[/em],💺
[em]e400939[/em],🚁
[em]e400969[/em],🚟
[em]e400970[/em],🚠
[em]e400971[/em],🚡
[em]e400938[/em],🚀
[em]e401302[/em],🛰
[em]e401306[/em],🛎
[em]e400985[/em],🚪
[em]e401307[/em],🛌
[em]e401308[/em],🛏
[em]e401309[/em],🛋
[em]e401019[/em],🚽
[em]e401021[/em],🚿
[em]e401022[/em],🛀
[em]e401028[/em],🛁
[em]e401310[/em],⌛
[em]e401052[/em],⏳
[em]e401311[/em],⌚
[em]e401051[/em],⏰
[em]e401312[/em],⏱
[em]e401313[/em],⏲
[em]e401314[/em],🕰
[em]e400804[/em],🕛
[em]e400816[/em],🕧
[em]e400793[/em],🕐
[em]e400805[/em],🕜
[em]e400794[/em],🕑
[em]e400806[/em],🕝
[em]e400795[/em],🕒
[em]e400807[/em],🕞
[em]e400796[/em],🕓
[em]e400808[/em],🕟
[em]e400797[/em],🕔
[em]e400809[/em],🕠
[em]e400798[/em],🕕
[em]e400810[/em],🕡
[em]e400799[/em],🕖
[em]e400811[/em],🕢
[em]e400800[/em],🕗
[em]e400812[/em],🕣
[em]e400801[/em],🕘
[em]e400813[/em],🕤
[em]e400802[/em],🕙
[em]e400814[/em],🕥
[em]e400803[/em],🕚
[em]e400815[/em],🕦
[em]e400092[/em],🌑
[em]e400093[/em],🌒
[em]e400094[/em],🌓
[em]e400095[/em],🌔
[em]e400096[/em],🌕
[em]e400097[/em],🌖
[em]e400098[/em],🌗
[em]e400099[/em],🌘
[em]e400100[/em],🌙
[em]e400101[/em],🌚
[em]e400102[/em],🌛
[em]e400103[/em],🌜
[em]e401327[/em],🌡
[em]e401062[/em],☀️
[em]e400104[/em],🌝
[em]e400105[/em],🌞
[em]e401686[/em],⭐
[em]e400106[/em],🌟
[em]e400107[/em],🌠
[em]e401063[/em],☁️
[em]e401330[/em],⛅
[em]e401331[/em],⛈️
[em]e401332[/em],🌤️
[em]e401333[/em],🌥️
[em]e401334[/em],🌦️
[em]e401335[/em],🌧️
[em]e401336[/em],🌨️
[em]e401337[/em],🌩️
[em]e401338[/em],🌪️
[em]e401339[/em],🌫️
[em]e401340[/em],🌬️
[em]e400075[/em],🌀
[em]e400083[/em],🌈
[em]e400077[/em],🌂
[em]e401341[/em],☂️
[em]e401342[/em],☔
[em]e401343[/em],⛱
[em]e401685[/em],⚡
[em]e401140[/em],❄️
[em]e401345[/em],☃️
[em]e401346[/em],⛄
[em]e401347[/em],☄
[em]e400768[/em],🔥
[em]e400641[/em],💧
[em]e400085[/em],🌊
[em]e400187[/em],🎃
[em]e400188[/em],🎄
[em]e400195[/em],🎆
[em]e400196[/em],🎇
[em]e401137[/em],✨
[em]e400197[/em],🎈
[em]e400198[/em],🎉
[em]e400199[/em],🎊
[em]e400200[/em],🎋
[em]e400202[/em],🎍
[em]e400203[/em],🎎
[em]e400204[/em],🎏
[em]e400205[/em],🎐
[em]e400206[/em],🎑
[em]e400184[/em],🎀
[em]e400185[/em],🎁
[em]e401350[/em],🎗
[em]e401352[/em],🎟
[em]e400220[/em],🎫
[em]e401349[/em],🎖
[em]e400256[/em],🏆
[em]e401374[/em],🏅
[em]e402254[/em],🥇
[em]e402255[/em],🥈
[em]e402256[/em],🥉
[em]e401354[/em],⚽
[em]e401355[/em],⚾
[em]e400241[/em],🏀
[em]e401376[/em],🏐
[em]e400263[/em],🏈
[em]e400264[/em],🏉
[em]e400239[/em],🎾
[em]e400226[/em],🎱
[em]e400228[/em],🎳
[em]e401375[/em],🏏
[em]e401377[/em],🏑
[em]e401378[/em],🏒
[em]e401379[/em],🏓
[em]e401380[/em],🏸
[em]e402257[/em],🥊
[em]e402258[/em],🥋
[em]e402253[/em],🥅
[em]e400224[/em],🎯
[em]e401356[/em],⛳
[em]e401358[/em],⛸
[em]e400212[/em],🎣
[em]e400238[/em],🎽
[em]e400240[/em],🎿
[em]e402244[/em],🤺
[em]e400257[/em],🏇
[em]e401359[/em],⛷
[em]e400243[/em],🏂
[em]e401357[/em],🏌️‍♂️
[em]e401741[/em],🏌️‍♀️
[em]e400250[/em],🏄‍♂️
[em]e400251[/em],🏄🏻‍♂️
[em]e400252[/em],🏄🏼‍♂️
[em]e400253[/em],🏄🏽‍♂️
[em]e400254[/em],🏄🏾‍♂️
[em]e400255[/em],🏄🏿‍♂️
[em]e401728[/em],🏄‍♀️
[em]e401723[/em],🏄🏻‍♀️
[em]e401724[/em],🏄🏼‍♀️
[em]e401725[/em],🏄🏽‍♀️
[em]e401726[/em],🏄🏾‍♀️
[em]e401727[/em],🏄🏿‍♀️
[em]e400973[/em],🚣‍♂️
[em]e400974[/em],🚣🏻‍♂️
[em]e400975[/em],🚣🏼‍♂️
[em]e400976[/em],🚣🏽‍♂️
[em]e400977[/em],🚣🏾‍♂️
[em]e400978[/em],🚣🏿‍♂️
[em]e401860[/em],🚣‍♀️
[em]e401855[/em],🚣🏻‍♀️
[em]e401856[/em],🚣🏼‍♀️
[em]e401857[/em],🚣🏽‍♀️
[em]e401858[/em],🚣🏾‍♀️
[em]e401859[/em],🚣🏿‍♀️
[em]e400265[/em],🏊‍♂️
[em]e400266[/em],🏊🏻‍♂️
[em]e400267[/em],🏊🏼‍♂️
[em]e400268[/em],🏊🏽‍♂️
[em]e400269[/em],🏊🏾‍♂️
[em]e400270[/em],🏊🏿‍♂️
[em]e401734[/em],🏊‍♀️
[em]e401729[/em],🏊🏻‍♀️
[em]e401730[/em],🏊🏼‍♀️
[em]e401731[/em],🏊🏽‍♀️
[em]e401732[/em],🏊🏾‍♀️
[em]e401733[/em],🏊🏿‍♀️
[em]e401365[/em],⛹️‍♂️
[em]e401360[/em],⛹🏻‍♂️
[em]e401361[/em],⛹🏼‍♂️
[em]e401362[/em],⛹🏽‍♂️
[em]e401363[/em],⛹🏾‍♂️
[em]e401364[/em],⛹🏿‍♂️
[em]e401884[/em],⛹️‍♀️
[em]e401879[/em],⛹🏻‍♀️
[em]e401880[/em],⛹🏼‍♀️
[em]e401881[/em],⛹🏽‍♀️
[em]e401882[/em],⛹🏾‍♀️
[em]e401883[/em],⛹🏿‍♀️
[em]e401371[/em],🏋️‍♂️
[em]e401366[/em],🏋🏻‍♂️
[em]e401367[/em],🏋🏼‍♂️
[em]e401368[/em],🏋🏽‍♂️
[em]e401369[/em],🏋🏾‍♂️
[em]e401370[/em],🏋🏿‍♂️
[em]e401740[/em],🏋️‍♀️
[em]e401735[/em],🏋🏻‍♀️
[em]e401736[/em],🏋🏼‍♀️
[em]e401737[/em],🏋🏽‍♀️
[em]e401738[/em],🏋🏾‍♀️
[em]e401739[/em],🏋🏿‍♀️
[em]e400995[/em],🚴‍♂️
[em]e400996[/em],🚴🏻‍♂️
[em]e400997[/em],🚴🏼‍♂️
[em]e400998[/em],🚴🏽‍♂️
[em]e400999[/em],🚴🏾‍♂️
[em]e401000[/em],🚴🏿‍♂️
[em]e401866[/em],🚴‍♀️
[em]e401861[/em],🚴🏻‍♀️
[em]e401862[/em],🚴🏼‍♀️
[em]e401863[/em],🚴🏽‍♀️
[em]e401864[/em],🚴🏾‍♀️
[em]e401865[/em],🚴🏿‍♀️
[em]e401001[/em],🚵‍♂️
[em]e401002[/em],🚵🏻‍♂️
[em]e401003[/em],🚵🏼‍♂️
[em]e401004[/em],🚵🏽‍♂️
[em]e401005[/em],🚵🏾‍♂️
[em]e401006[/em],🚵🏿‍♂️
[em]e401872[/em],🚵‍♀️
[em]e401867[/em],🚵🏻‍♀️
[em]e401868[/em],🚵🏼‍♀️
[em]e401869[/em],🚵🏽‍♀️
[em]e401870[/em],🚵🏾‍♀️
[em]e401871[/em],🚵🏿‍♀️
[em]e401919[/em],🤸‍♂️
[em]e401920[/em],🤸🏻‍♂️
[em]e401921[/em],🤸🏼‍♂️
[em]e401922[/em],🤸🏽‍♂️
[em]e401923[/em],🤸🏾‍♂️
[em]e401924[/em],🤸🏿‍♂️
[em]e401925[/em],🤸‍♀️
[em]e401926[/em],🤸🏻‍♀️
[em]e401927[/em],🤸🏼‍♀️
[em]e401928[/em],🤸🏽‍♀️
[em]e401929[/em],🤸🏾‍♀️
[em]e401930[/em],🤸🏿‍♀️
[em]e402247[/em],🤼‍♂️
[em]e402245[/em],🤼‍♀️
[em]e401943[/em],🤽‍♂️
[em]e401944[/em],🤽🏻‍♂️
[em]e401945[/em],🤽🏼‍♂️
[em]e401946[/em],🤽🏽‍♂️
[em]e401947[/em],🤽🏾‍♂️
[em]e401948[/em],🤽🏿‍♂️
[em]e401949[/em],🤽‍♀️
[em]e401950[/em],🤽🏻‍♀️
[em]e401951[/em],🤽🏼‍♀️
[em]e401952[/em],🤽🏽‍♀️
[em]e401953[/em],🤽🏾‍♀️
[em]e401954[/em],🤽🏿‍♀️
[em]e401961[/em],🤾‍♂️
[em]e401962[/em],🤾🏻‍♂️
[em]e401963[/em],🤾🏼‍♂️
[em]e401964[/em],🤾🏽‍♂️
[em]e401965[/em],🤾🏾‍♂️
[em]e401966[/em],🤾🏿‍♂️
[em]e401955[/em],🤾‍♀️
[em]e401956[/em],🤾🏻‍♀️
[em]e401957[/em],🤾🏼‍♀️
[em]e401958[/em],🤾🏽‍♀️
[em]e401959[/em],🤾🏾‍♀️
[em]e401960[/em],🤾🏿‍♀️
[em]e401931[/em],🤹‍♂️
[em]e401932[/em],🤹🏻‍♂️
[em]e401933[/em],🤹🏼‍♂️
[em]e401934[/em],🤹🏽‍♂️
[em]e401935[/em],🤹🏾‍♂️
[em]e401936[/em],🤹🏿‍♂️
[em]e401937[/em],🤹‍♀️
[em]e401938[/em],🤹🏻‍♀️
[em]e401939[/em],🤹🏼‍♀️
[em]e401940[/em],🤹🏽‍♀️
[em]e401941[/em],🤹🏾‍♀️
[em]e401942[/em],🤹🏿‍♀️
[em]e400223[/em],🎮
[em]e401381[/em],🕹
[em]e400227[/em],🎲
[em]e401087[/em],♠️
[em]e401089[/em],♥️
[em]e401090[/em],♦️
[em]e401088[/em],♣️
[em]e400002[/em],🃏
[em]e401386[/em],🀄
[em]e400229[/em],🎴
[em]e400738[/em],🔇
[em]e400739[/em],🔈
[em]e400740[/em],🔉
[em]e400741[/em],🔊
[em]e400705[/em],📢
[em]e400706[/em],📣
[em]e400718[/em],📯
[em]e400751[/em],🔔
[em]e400752[/em],🔕
[em]e400237[/em],🎼
[em]e400230[/em],🎵
[em]e400231[/em],🎶
[em]e401395[/em],🎙
[em]e401396[/em],🎚
[em]e401397[/em],🎛
[em]e400213[/em],🎤
[em]e400216[/em],🎧
[em]e400729[/em],📻
[em]e400232[/em],🎷
[em]e400233[/em],🎸
[em]e400234[/em],🎹
[em]e400235[/em],🎺
[em]e400236[/em],🎻
[em]e402249[/em],🥁
[em]e400720[/em],📱
[em]e400721[/em],📲
[em]e401064[/em],☎️
[em]e400701[/em],📞
[em]e400702[/em],📟
[em]e400703[/em],📠
[em]e400742[/em],🔋
[em]e400743[/em],🔌
[em]e400666[/em],💻
[em]e401400[/em],🖥
[em]e401401[/em],🖨
[em]e401402[/em],⌨️
[em]e401403[/em],🖱
[em]e401404[/em],🖲
[em]e400668[/em],💽
[em]e400669[/em],💾
[em]e400670[/em],💿
[em]e400671[/em],📀
[em]e400214[/em],🎥
[em]e401351[/em],🎞
[em]e401405[/em],📽
[em]e400221[/em],🎬
[em]e400728[/em],📺
[em]e400726[/em],📷
[em]e401406[/em],📸
[em]e400727[/em],📹
[em]e400730[/em],📼
[em]e400744[/em],🔍
[em]e400745[/em],🔎
[em]e400775[/em],🔬
[em]e400776[/em],🔭
[em]e400704[/em],📡
[em]e401407[/em],🕯
[em]e400635[/em],💡
[em]e400769[/em],🔦
[em]e400285[/em],🏮
[em]e400691[/em],📔
[em]e400692[/em],📕
[em]e400693[/em],📖
[em]e400694[/em],📗
[em]e400695[/em],📘
[em]e400696[/em],📙
[em]e400697[/em],📚
[em]e400690[/em],📓
[em]e400689[/em],📒
[em]e400674[/em],📃
[em]e400699[/em],📜
[em]e400675[/em],📄
[em]e400719[/em],📰
[em]e401408[/em],🗞
[em]e400688[/em],📑
[em]e400753[/em],🔖
[em]e401353[/em],🏷
[em]e400655[/em],💰
[em]e400659[/em],💴
[em]e400660[/em],💵
[em]e400661[/em],💶
[em]e400662[/em],💷
[em]e400663[/em],💸
[em]e400658[/em],💳
[em]e400664[/em],💹
[em]e400656[/em],💱
[em]e400657[/em],💲
[em]e401114[/em],✉️
[em]e400710[/em],📧
[em]e400711[/em],📨
[em]e400712[/em],📩
[em]e400707[/em],📤
[em]e400708[/em],📥
[em]e400709[/em],📦
[em]e400714[/em],📫
[em]e400713[/em],📪
[em]e400715[/em],📬
[em]e400716[/em],📭
[em]e400717[/em],📮
[em]e401410[/em],🗳
[em]e401133[/em],✏️
[em]e401134[/em],✒️
[em]e401413[/em],🖋
[em]e401414[/em],🖊
[em]e401415[/em],🖌
[em]e401416[/em],🖍
[em]e400700[/em],📝
[em]e400667[/em],💼
[em]e400672[/em],📁
[em]e400673[/em],📂
[em]e401417[/em],🗂
[em]e400676[/em],📅
[em]e400677[/em],📆
[em]e401418[/em],🗒
[em]e401419[/em],🗓
[em]e400678[/em],📇
[em]e400679[/em],📈
[em]e400680[/em],📉
[em]e400681[/em],📊
[em]e400682[/em],📋
[em]e400683[/em],📌
[em]e400684[/em],📍
[em]e400685[/em],📎
[em]e401420[/em],🖇
[em]e400686[/em],📏
[em]e400687[/em],📐
[em]e401111[/em],✂️
[em]e401422[/em],🗃
[em]e401423[/em],🗄
[em]e401424[/em],🗑
[em]e400749[/em],🔒
[em]e400750[/em],🔓
[em]e400746[/em],🔏
[em]e400747[/em],🔐
[em]e400748[/em],🔑
[em]e401425[/em],🗝
[em]e400771[/em],🔨
[em]e401426[/em],⛏
[em]e401427[/em],⚒
[em]e401428[/em],🛠
[em]e401434[/em],🗡
[em]e401435[/em],⚔️
[em]e400774[/em],🔫
[em]e401437[/em],🏹
[em]e401436[/em],🛡
[em]e400770[/em],🔧
[em]e400772[/em],🔩
[em]e401429[/em],⚙️
[em]e401430[/em],🗜
[em]e401431[/em],⚗️
[em]e401432[/em],⚖️
[em]e400754[/em],🔗
[em]e401433[/em],⛓
[em]e400611[/em],💉
[em]e400612[/em],💊
[em]e400987[/em],🚬
[em]e401438[/em],⚰️
[em]e401439[/em],⚱️
[em]e400821[/em],🗿
[em]e401290[/em],🛢
[em]e400777[/em],🔮
[em]e402172[/em],🛒
[em]e400278[/em],🏧
[em]e400989[/em],🚮
[em]e400991[/em],🚰
[em]e401303[/em],♿
[em]e401015[/em],🚹
[em]e401016[/em],🚺
[em]e401017[/em],🚻
[em]e401018[/em],🚼
[em]e401020[/em],🚾
[em]e401029[/em],🛂
[em]e401030[/em],🛃
[em]e401031[/em],🛄
[em]e401032[/em],🛅
[em]e401095[/em],⚠️
[em]e401014[/em],🚸
[em]e401305[/em],⛔
[em]e400986[/em],🚫
[em]e400994[/em],🚳
[em]e400988[/em],🚭
[em]e400990[/em],🚯
[em]e400992[/em],🚱
[em]e401013[/em],🚷
[em]e400724[/em],📵
[em]e400761[/em],🔞
[em]e401683[/em],☢️
[em]e401684[/em],☣️
[em]e401158[/em],⬆️
[em]e401040[/em],↗️
[em]e401152[/em],➡️
[em]e401041[/em],↘️
[em]e401159[/em],⬇️
[em]e401042[/em],↙️
[em]e401157[/em],⬅️
[em]e401039[/em],↖️
[em]e401038[/em],↕️
[em]e401037[/em],↔️
[em]e401043[/em],↩️
[em]e401044[/em],↪️
[em]e401155[/em],⤴️
[em]e401156[/em],⤵️
[em]e400734[/em],🔃
[em]e400735[/em],🔄
[em]e400756[/em],🔙
[em]e400757[/em],🔚
[em]e400758[/em],🔛
[em]e400759[/em],🔜
[em]e400760[/em],🔝
[em]e401280[/em],🛐
[em]e401672[/em],⚛️
[em]e401673[/em],🕉
[em]e401674[/em],✡️
[em]e401675[/em],☸️
[em]e401676[/em],☯️
[em]e401677[/em],✝️
[em]e401678[/em],☦️
[em]e401680[/em],☪️
[em]e401681[/em],☮️
[em]e401348[/em],🕎
[em]e400778[/em],🔯
[em]e401092[/em],♻️
[em]e400698[/em],📛
[em]e401671[/em],⚜️
[em]e400779[/em],🔰
[em]e400780[/em],🔱
[em]e401687[/em],⭕
[em]e401112[/em],✅
[em]e401065[/em],☑️
[em]e401135[/em],✔️
[em]e401136[/em],✖️
[em]e401142[/em],❌
[em]e401143[/em],❎
[em]e401149[/em],➕
[em]e402287[/em],⚕
[em]e401150[/em],➖
[em]e401151[/em],➗
[em]e401153[/em],➰
[em]e401154[/em],➿
[em]e401165[/em],〽️
[em]e401138[/em],✳️
[em]e401139[/em],✴️
[em]e401141[/em],❇️
[em]e401033[/em],‼️
[em]e401034[/em],⁉️
[em]e401144[/em],❓
[em]e401145[/em],❔
[em]e401146[/em],❕
[em]e401697[/em],❗
[em]e401164[/em],〰
[em]e401168[/em],©
[em]e401169[/em],®
[em]e401035[/em],™
[em]e401315[/em],♈
[em]e401316[/em],♉
[em]e401317[/em],♊
[em]e401318[/em],♋
[em]e401319[/em],♌
[em]e401320[/em],♍
[em]e401321[/em],♎
[em]e401322[/em],♏
[em]e401323[/em],♐
[em]e401324[/em],♑
[em]e401325[/em],♒
[em]e401326[/em],♓
[em]e401103[/em],⛎
[em]e400731[/em],🔀
[em]e400732[/em],🔁
[em]e400733[/em],🔂
[em]e401056[/em],▶️
[em]e401047[/em],⏩
[em]e401388[/em],⏭
[em]e401389[/em],⏯
[em]e401057[/em],◀
[em]e401048[/em],⏪
[em]e401391[/em],⏮
[em]e400791[/em],🔼
[em]e401049[/em],⏫
[em]e400792[/em],🔽
[em]e401050[/em],⏬
[em]e401392[/em],⏸
[em]e401393[/em],⏹
[em]e401394[/em],⏺
[em]e400215[/em],🎦
[em]e400736[/em],🔅
[em]e400737[/em],🔆
[em]e400725[/em],📶
[em]e400722[/em],📳
[em]e400723[/em],📴
[em]e400000[/em],#️⃣
[em]e401399[/em],*️⃣
[em]e401170[/em],0️⃣
[em]e401171[/em],1️⃣
[em]e401172[/em],2️⃣
[em]e401173[/em],3️⃣
[em]e401174[/em],4️⃣
[em]e401175[/em],5️⃣
[em]e401176[/em],6️⃣
[em]e401177[/em],7️⃣
[em]e401178[/em],8️⃣
[em]e401179[/em],9️⃣
[em]e400762[/em],🔟
[em]e400654[/em],💯
[em]e400763[/em],🔠
[em]e400764[/em],🔡
[em]e400765[/em],🔢
[em]e400766[/em],🔣
[em]e400767[/em],🔤
[em]e400003[/em],🅰
[em]e400007[/em],🆎
[em]e400004[/em],🅱
[em]e400008[/em],🆑
[em]e400004[/em],🅱
[em]e400009[/em],🆒
[em]e400010[/em],🆓
[em]e401036[/em],ℹ️
[em]e400011[/em],🆔
[em]e401053[/em],Ⓜ️
[em]e400012[/em],🆕
[em]e400013[/em],🆖
[em]e400005[/em],🅾
[em]e400014[/em],🆗
[em]e400006[/em],🅿
[em]e400015[/em],🆘
[em]e400016[/em],🆙
[em]e400017[/em],🆚
[em]e400060[/em],🈁
[em]e400061[/em],🈂
[em]e400069[/em],🈷
[em]e400068[/em],🈶
[em]e401701[/em],🈯
[em]e400073[/em],🉐
[em]e400071[/em],🈹
[em]e401702[/em],🈚
[em]e400064[/em],🈲
[em]e400074[/em],🉑
[em]e400070[/em],🈸
[em]e400066[/em],🈴
[em]e400065[/em],🈳
[em]e401166[/em],㊗️
[em]e401167[/em],㊙️
[em]e400072[/em],🈺
[em]e400067[/em],🈵
[em]e401054[/em],▪️
[em]e401055[/em],▫️
[em]e401058[/em],◻️
[em]e401059[/em],◼️
[em]e401709[/em],◽
[em]e401710[/em],◾
[em]e401711[/em],⬛
[em]e401712[/em],⬜
[em]e400785[/em],🔶
[em]e400786[/em],🔷
[em]e400787[/em],🔸
[em]e400788[/em],🔹
[em]e400789[/em],🔺
[em]e400790[/em],🔻
[em]e400634[/em],💠
[em]e400755[/em],🔘
[em]e400781[/em],🔲
[em]e400782[/em],🔳
[em]e401713[/em],⚪
[em]e401714[/em],⚫
[em]e400783[/em],🔴
[em]e400784[/em],🔵
[em]e400242[/em],🏁
[em]e400984[/em],🚩
[em]e400201[/em],🎌
[em]e401441[/em],🏴
[em]e401742[/em],🏳️‍🌈
[em]e401455[/em],🇦🇨
[em]e401447[/em],🇦🇩
[em]e400018[/em],🇦🇪
[em]e401442[/em],🇦🇫
[em]e401451[/em],🇦🇬
[em]e401449[/em],🇦🇮
[em]e401444[/em],🇦🇱
[em]e401453[/em],🇦🇲
[em]e401448[/em],🇦🇴
[em]e401450[/em],🇦🇶
[em]e401452[/em],🇦🇷
[em]e401446[/em],🇦🇸
[em]e400019[/em],🇦🇹
[em]e400020[/em],🇦🇺
[em]e401454[/em],🇦🇼
[em]e401443[/em],🇦🇽
[em]e401456[/em],🇦🇿
[em]e401467[/em],🇧🇦
[em]e401460[/em],🇧🇧
[em]e401459[/em],🇧🇩
[em]e400021[/em],🇧🇪
[em]e401474[/em],🇧🇫
[em]e401473[/em],🇧🇬
[em]e401458[/em],🇧🇭
[em]e401475[/em],🇧🇮
[em]e401463[/em],🇧🇯
[em]e401464[/em],🇧🇲
[em]e401472[/em],🇧🇳
[em]e401466[/em],🇧🇴
[em]e400022[/em],🇧🇷
[em]e401457[/em],🇧🇸
[em]e401465[/em],🇧🇹
[em]e401468[/em],🇧🇼
[em]e401461[/em],🇧🇾
[em]e401462[/em],🇧🇿
[em]e400023[/em],🇨🇦
[em]e401487[/em],🇨🇨
[em]e401490[/em],🇨🇩
[em]e401482[/em],🇨🇫
[em]e401489[/em],🇨🇬
[em]e400024[/em],🇨🇭
[em]e401493[/em],🇨🇮
[em]e401491[/em],🇨🇰
[em]e400025[/em],🇨🇱
[em]e401477[/em],🇨🇲
[em]e400026[/em],🇨🇳
[em]e400027[/em],🇨🇴
[em]e401492[/em],🇨🇷
[em]e401495[/em],🇨🇺
[em]e401479[/em],🇨🇻
[em]e401496[/em],🇨🇼
[em]e401485[/em],🇨🇽
[em]e401497[/em],🇨🇾
[em]e401498[/em],🇨🇿
[em]e400028[/em],🇩🇪
[em]e401500[/em],🇩🇯
[em]e400029[/em],🇩🇰
[em]e401501[/em],🇩🇲
[em]e401502[/em],🇩🇴
[em]e401445[/em],🇩🇿
[em]e401503[/em],🇪🇨
[em]e401508[/em],🇪🇪
[em]e401504[/em],🇪🇬
[em]e401507[/em],🇪🇷
[em]e400030[/em],🇪🇸
[em]e401509[/em],🇪🇹
[em]e401510[/em],🇪🇺
[em]e400031[/em],🇫🇮
[em]e401513[/em],🇫🇯
[em]e401569[/em],🇫🇲
[em]e401512[/em],🇫🇴
[em]e400032[/em],🇫🇷
[em]e401517[/em],🇬🇦
[em]e400033[/em],🇬🇧
[em]e401524[/em],🇬🇩
[em]e401519[/em],🇬🇪
[em]e401528[/em],🇬🇬
[em]e401520[/em],🇬🇭
[em]e401521[/em],🇬🇮
[em]e401523[/em],🇬🇱
[em]e401518[/em],🇬🇲
[em]e401529[/em],🇬🇳
[em]e401506[/em],🇬🇶
[em]e401522[/em],🇬🇷
[em]e401527[/em],🇬🇹
[em]e401526[/em],🇬🇺
[em]e401530[/em],🇬🇼
[em]e401531[/em],🇬🇾
[em]e400034[/em],🇭🇰
[em]e401534[/em],🇭🇳
[em]e401494[/em],🇭🇷
[em]e401532[/em],🇭🇹
[em]e401535[/em],🇭🇺
[em]e401478[/em],🇮🇨
[em]e400035[/em],🇮🇩
[em]e400036[/em],🇮🇪
[em]e400037[/em],🇮🇱
[em]e401539[/em],🇮🇲
[em]e400038[/em],🇮🇳
[em]e401470[/em],🇮🇴
[em]e401538[/em],🇮🇶
[em]e401537[/em],🇮🇷
[em]e401536[/em],🇮🇸
[em]e400039[/em],🇮🇹
[em]e401541[/em],🇯🇪
[em]e401540[/em],🇯🇲
[em]e401542[/em],🇯🇴
[em]e400040[/em],🇯🇵
[em]e401544[/em],🇰🇪
[em]e401548[/em],🇰🇬
[em]e401476[/em],🇰🇭
[em]e401545[/em],🇰🇮
[em]e401488[/em],🇰🇲
[em]e401619[/em],🇰🇳
[em]e401588[/em],🇰🇵
[em]e400041[/em],🇰🇷
[em]e401547[/em],🇰🇼
[em]e401481[/em],🇰🇾
[em]e401543[/em],🇰🇿
[em]e401549[/em],🇱🇦
[em]e401551[/em],🇱🇧
[em]e401620[/em],🇱🇨
[em]e401555[/em],🇱🇮
[em]e401616[/em],🇱🇰
[em]e401553[/em],🇱🇷
[em]e401552[/em],🇱🇸
[em]e401556[/em],🇱🇹
[em]e401557[/em],🇱🇺
[em]e401550[/em],🇱🇻
[em]e401554[/em],🇱🇾
[em]e401575[/em],🇲🇦
[em]e401571[/em],🇲🇨
[em]e401570[/em],🇲🇩
[em]e401573[/em],🇲🇪
[em]e401559[/em],🇲🇬
[em]e401564[/em],🇲🇭
[em]e401558[/em],🇲🇰
[em]e401562[/em],🇲🇱
[em]e401577[/em],🇲🇲
[em]e401572[/em],🇲🇳
[em]e400042[/em],🇲🇴
[em]e401587[/em],🇲🇵
[em]e401566[/em],🇲🇷
[em]e401574[/em],🇲🇸
[em]e401563[/em],🇲🇹
[em]e401567[/em],🇲🇺
[em]e401561[/em],🇲🇻
[em]e401560[/em],🇲🇼
[em]e400043[/em],🇲🇽
[em]e400044[/em],🇲🇾
[em]e401576[/em],🇲🇿
[em]e401578[/em],🇳🇦
[em]e401583[/em],🇳🇪
[em]e401586[/em],🇳🇫
[em]e401584[/em],🇳🇬
[em]e401582[/em],🇳🇮
[em]e400045[/em],🇳🇱
[em]e400046[/em],🇳🇴
[em]e401580[/em],🇳🇵
[em]e401579[/em],🇳🇷
[em]e401585[/em],🇳🇺
[em]e400047[/em],🇳🇿
[em]e401589[/em],🇴🇲
[em]e401593[/em],🇵🇦
[em]e401596[/em],🇵🇪
[em]e401515[/em],🇵🇫
[em]e401594[/em],🇵🇬
[em]e400048[/em],🇵🇭
[em]e401590[/em],🇵🇰
[em]e400049[/em],🇵🇱
[em]e401597[/em],🇵🇳
[em]e400050[/em],🇵🇷
[em]e401592[/em],🇵🇸
[em]e400051[/em],🇵🇹
[em]e401591[/em],🇵🇼
[em]e401595[/em],🇵🇾
[em]e401598[/em],🇶🇦
[em]e401600[/em],🇷🇴
[em]e401606[/em],🇷🇸
[em]e400052[/em],🇷🇺
[em]e401601[/em],🇷🇼
[em]e400053[/em],🇸🇦
[em]e401612[/em],🇸🇧
[em]e401607[/em],🇸🇨
[em]e401624[/em],🇸🇩
[em]e400054[/em],🇸🇪
[em]e400055[/em],🇸🇬
[em]e401618[/em],🇸🇭
[em]e401611[/em],🇸🇮
[em]e401610[/em],🇸🇰
[em]e401608[/em],🇸🇱
[em]e401603[/em],🇸🇲
[em]e401605[/em],🇸🇳
[em]e401613[/em],🇸🇴
[em]e401625[/em],🇸🇷
[em]e401615[/em],🇸🇸
[em]e401604[/em],🇸🇹
[em]e401505[/em],🇸🇻
[em]e401609[/em],🇸🇽
[em]e401628[/em],🇸🇾
[em]e401627[/em],🇸🇿
[em]e401638[/em],🇹🇦
[em]e401641[/em],🇹🇨
[em]e401484[/em],🇹🇩
[em]e401634[/em],🇹🇬
[em]e401632[/em],🇹🇭
[em]e401630[/em],🇹🇯
[em]e401635[/em],🇹🇰
[em]e401633[/em],🇹🇱
[em]e401640[/em],🇹🇲
[em]e401639[/em],🇹🇳
[em]e401636[/em],🇹🇴
[em]e400056[/em],🇹🇷
[em]e401637[/em],🇹🇹
[em]e401642[/em],🇹🇻
[em]e401629[/em],🇹🇼
[em]e401631[/em],🇹🇿
[em]e401644[/em],🇺🇦
[em]e401643[/em],🇺🇬
[em]e400057[/em],🇺🇸
[em]e401645[/em],🇺🇾
[em]e401648[/em],🇺🇿
[em]e401650[/em],🇻🇦
[em]e401623[/em],🇻🇨
[em]e401651[/em],🇻🇪
[em]e401471[/em],🇻🇬
[em]e401647[/em],🇻🇮
[em]e400058[/em],🇻🇳
[em]e401649[/em],🇻🇺
[em]e401602[/em],🇼🇸
[em]e401654[/em],🇾🇪
[em]e400059[/em],🇿🇦
[em]e401655[/em],🇿🇲
[em]e401656[/em],🇿🇼
